Acedip Tab,,
Aldactone 25mg,,
Aldactone 100mg,,
Arpitor 10mg Tb,,
Arpitor 20mgTab,,
Artispar 200mg,,
Aldactone 50mg Tab,,
Azoran Tab,,
Nufex Beta -100Mg Tab,,
Nufex Beta -200Mg Tab,,
Benclamet Tab,,
Benclamet Forte,,
Naprosyn -SR Tab,,
Naprosyn Syp,,
Cloprez-75mg,,
Ceftobac 100mg,,
Ceftobac 200mg,,
Draminate Tab,,
Azoran 25mg Tab,,
Gatox 200mg,,
Gatox 400mg,,
Glimetop 1mg,,
Glimetop 2mg,,
Glytop 5mg S.R,,
Glytop 10mg S.R,,
Glytop 2.5mg SR,,
Lomofen Tab,,
Lomotil Tab,,
Losatec 25mg,,
Losatec 50mg,,
Losatec-H Tab,,
Lestal-5mg,,
Myogard 5mg,,
Myogard 10mg,,
Myogard LA 20mg,,
Naprosyn 250mg,,
Naprosyn 500mg,,
Napexar 750mg,,
Norpace 100mg,,
Norpace 150mg,,
Nufex 250mg Tab,,
Nufex 500mg Tab,,
Nufex SR 375mg,,
Peditral 29.5mg,,
Peditral CP 5.9,,
Probanthine Tab,,
Prodac Cap,,
Rinostat XL Drp,,
Rinostat + Tab,,
Rinostat + Syp,,
Religel Gel,,
Sernace 0.25mg,,
Sernace 1.5mg,,
Sernace 5mg,,
Sernace 10mg Ta,,
Sernace 20mg Tab,,
Sernace Drop,,
Sernace 0.5mg,,
Sernace amp,,
Sernace Depot Inj,,
Siloxogene Gel,,
Spiromide Tab,,
Daslin CD,,
Daslin NF,,
Top-Dip 2.5mg,,
Top-Dip 5mg,,
Top-Dip 10mg,,
Top-Dip AT Tab,,
Tricaine MPS Syp,,
Zolpanz Tab,,
Zert OD 100mg,,
Zert OD 50mg,,
Zaxial Plus,,
Zolpanz IV 40mg,,
Rabee D Caps,,
Rabee 20mg,,
Citalop-S 5mg,,
Citalop-S 10mg,,
Citalop-S 20mg,,
Nufex Beta Dry Syrup,,
